workload,N,B,supplementary,lhas,lhas_status,dp_N,dp_N_status,dp_best,dp_best_status,owt,owt_status,flexflow_mcmc,flexflow_mcmc_status,gpipe,gpipe_status,dp_best_p,dp_best_unresolved_counts,single_node_time_only,single_node_status,mcmc_not_established_evaluations,mcmc_evaluations,mcmc_evaluations_initialization,mcmc_evaluations_globally_distinct,mcmc_seconds_sum,dp_best_certification,lhas_configs,lhas_memory_max_GiB,verify_expected_ops,verify_network_ops,verify_by_status,verify_all_checked,verify_packing_checked,construction_s,plan_s,baselines_s,verification_s,total_s,peak_rss_GiB,pack_cache_files_at_start,code_commit
alexnet,64,1024,False,0.06518299018087784,feasible,0.23856225738441045,feasible,0.19850672245626652,feasible,0.10079137448688172,feasible,0.06518299018087784,feasible,0.11617746115775093,feasible,8,,0.9126983085419357,feasible,0,2657,12,2624,4.196321206999528,complete enumeration,DP64 DP64 DP64 DP64 DP64 MP8 MP8 DP1,0.9253480434417725,22,12,checked-actual:12 local:10,True,12,3.9325258799999574,12.320197009000367,4.235147639999923,0.490430877000108,20.987141350000456,0.2750587463378906,445,be196897b6497837e023df37fec1ef22a4fb524f
alexnet,128,1024,False,0.06652071124429403,feasible,0.27572050355471883,feasible,0.19850672245626652,feasible,0.13291022982699807,feasible,0.07346503751933721,feasible,0.12001384151775095,feasible,8,,0.9126983085419357,feasible,0,2726,12,2717,4.622869421999894,complete enumeration,DP128 DP128 DP128 DP128 DP128 MP8 MP8 DP1,0.8853042125701904,22,12,checked-actual:12 local:10,True,12,11.930307528000412,18.551342615000067,4.67764537200037,2.674336193000272,37.84375582699977,0.4393424987792969,445,be196897b6497837e023df37fec1ef22a4fb524f
alexnet,256,1024,False,0.07258220079464833,feasible,0.29786629617867094,feasible,0.19850672245626652,feasible,0.2166409510960127,feasible,0.07458955026010929,feasible,0.13121193265626674,feasible,8,,0.9126983085419357,feasible,0,2765,12,2758,5.996062718000758,complete enumeration,DP64 DP64 DP64 DP64 DP64 MP8 MP8 DP1,0.8568472564220428,22,12,checked-actual:12 local:10,True,12,57.34275991499999,39.78787232099967,6.072180087000561,0.7658382770005119,103.97689648899996,0.9040794372558594,445,be196897b6497837e023df37fec1ef22a4fb524f
alexnet,512,1024,False,0.07258220079464833,feasible,0.4999284433894448,feasible,0.19850672245626652,feasible,0.5715509787362033,feasible,0.0779118798074881,feasible,0.13121193265626674,feasible,8,,0.9126983085419357,feasible,0,2774,12,2767,7.366320788001758,complete enumeration,DP64 DP64 DP64 DP64 DP64 MP8 MP8 DP1,0.8568472564220428,22,12,checked-actual:12 local:10,True,12,281.9909302310007,67.91272349600058,7.457994348998909,0.6489667929999996,358.0183820579996,1.8370590209960938,445,be196897b6497837e023df37fec1ef22a4fb524f
alexnet,1024,1024,True,0.07258220079464833,feasible,0.5869799668496951,feasible,0.19850672245626652,feasible,1.6355600561145498,feasible,0.07710055262099066,feasible,0.13121193265626674,feasible,8,,0.9126983085419357,feasible,0,2788,12,2782,11.417695918999925,complete enumeration,DP64 DP64 DP64 DP64 DP64 MP8 MP8 DP1,0.8568472564220428,22,12,checked-actual:12 local:10,True,12,1501.5428177469998,139.44914413900005,11.560604578000039,0.8362154960000225,1653.399551195,3.9219741821289062,445,be196897b6497837e023df37fec1ef22a4fb524f
vgg16,64,1024,False,0.4559246197640966,feasible,0.8750863999145145,feasible,0.8750863999145145,feasible,0.5197739914045265,feasible,0.4559246197640966,resource-limited,0.6347221772473458,feasible,64,32,20.40252342536258,infeasible,210,2671,156,2663,2074.666678003,lower-bound exclusion,DP64 DP64 DP64 DP64 DP64 DP64 DP64 DP64 DP64 DP64 DP64 DP64 DP64 MP8 MP8 DP1,5.681600332260132,46,20,checked-actual:20 local:26,True,20,2.844191624000132,11.175766689000056,2079.7968672139996,0.8037518869996347,2094.6308749030004,0.6118812561035156,445,be196897b6497837e023df37fec1ef22a4fb524f
vgg16,128,1024,False,0.32316360789470117,feasible,0.7602472673509185,feasible,0.7602472673509185,feasible,0.45274202069204994,feasible,0.3529765545917575,resource-limited,0.4928225210473459,feasible,128,32 64,20.40252342536258,infeasible,175,2792,156,2788,4020.535106082,lower-bound exclusion,DP128 DP128 DP128 DP128 DP128 DP128 DP128 DP128 DP128 DP128 DP128 DP128 DP128 MP8 MP8 DP1,3.6453206539154053,46,20,checked-actual:20 local:26,True,20,10.436857818000135,20.937497760000042,4026.8388867639997,3.3246316040003876,4061.545584251,1.0012397766113281,445,be196897b6497837e023df37fec1ef22a4fb524f
vgg16,256,1024,False,0.2828456251808778,feasible,0.7305558064007049,feasible,0.7305558064007049,feasible,0.5805741462544403,feasible,0.3061174181779094,resource-limited,0.5663272979273462,feasible,256,32 64,20.40252342536258,infeasible,251,2825,156,2821,5546.137652283,lower-bound exclusion,DP256 DP256 DP256 DP256 DP256 DP256 DP256 DP256 DP256 DP256 DP256 DP256 DP256 MP8 MP8 DP1,2.464769333600998,46,20,checked-actual:20 local:26,True,20,46.92971098700036,43.536043514000994,5553.166557361001,22.90891331000057,5666.5498764330005,2.056751251220703,445,be196897b6497837e023df37fec1ef22a4fb524f
vgg16,512,1024,False,0.3528483450297197,feasible,1.1296008121074566,feasible,0.7871356660464376,feasible,1.4027355898725757,feasible,0.3948656023532522,resource-limited,0.6595502569787652,feasible,128,32 64,20.40252342536258,infeasible,205,2864,159,2858,1909.8258812610002,lower-bound exclusion,DP256 DP256 DP256 DP256 DP256 DP256 DP256 DP256 DP256 DP256 DP128 DP128 DP64 MP8 MP8 DP1,2.990010976791382,46,24,checked-actual:24 local:22,True,24,255.35107855299975,99.2002952619996,1917.0743817780003,2.9905295889993795,2274.628312789,3.2297325134277344,445,be196897b6497837e023df37fec1ef22a4fb524f
googlenet,64,1024,False,0.08321152597522294,feasible,0.08672974547432395,feasible,0.08672974547432395,feasible,0.08951534878961392,feasible,0.08346552451832183,resource-limited,nan,not applicable,64,,1.9799302999156425,infeasible,298,2923,156,2914,59.8062659599982,complete enumeration,DP64 DP64 DP64 DP64 DP64 DP64 DP64 DP64 DP64 DP64 DP64 DP64 DP64 DP64 DP64 DP64 DP64 DP64 DP64 DP64 DP64 DP64 DP64 DP64 DP64 DP64 DP64 DP64 DP64 DP64 DP64 DP64 DP64 DP64 DP64 DP64 DP64 DP64 DP64 DP64 DP64 DP64 DP64 DP64 DP64 DP64 DP64 DP64 DP64 DP64 DP64 DP64 DP64 DP64 DP64 DP64 DP64 DP1,1.865094967186451,484,179,checked-actual:179 local:305,True,179,0.0008947500000431319,79.46165668200047,60.02593896700091,4.346031281000251,143.84660838800028,0.43701171875,445,be196897b6497837e023df37fec1ef22a4fb524f
googlenet,128,1024,False,0.09463330955030494,feasible,0.09962493585235323,feasible,0.09817835258164635,feasible,0.10975771291014981,feasible,0.09484492505340385,resource-limited,nan,not applicable,64,,1.9799302999156425,infeasible,283,2928,159,2916,67.05510731699906,complete enumeration,DP64 DP64 DP64 DP64 DP64 DP64 DP64 DP64 DP64 DP64 DP64 DP64 DP64 DP64 DP64 DP64 DP64 DP64 DP64 DP64 DP64 DP64 DP64 DP64 DP64 DP64 DP64 DP64 DP64 DP64 DP64 DP64 DP64 DP64 DP64 DP64 DP64 DP64 DP64 DP64 DP64 DP64 DP64 DP64 DP64 DP64 DP64 DP64 DP64 DP64 DP64 DP64 DP64 DP64 DP64 DP64 DP64 DP1,2.114435262978077,484,179,checked-actual:179 local:305,True,179,0.0006404069990821881,296.60283399199943,67.28410503399937,4.962388061001548,368.86287734800135,0.8230552673339844,445,be196897b6497837e023df37fec1ef22a4fb524f
googlenet,256,1024,False,0.09463330955030494,feasible,0.14275386757601274,feasible,0.09817835258164635,feasible,0.17872295115496567,feasible,0.09614462191909746,resource-limited,nan,not applicable,64,,1.9799302999156425,infeasible,280,2933,159,2923,72.5300126279999,complete enumeration,DP64 DP64 DP64 DP64 DP64 DP64 DP64 DP64 DP64 DP64 DP64 DP64 DP64 DP64 DP64 DP64 DP64 DP64 DP64 DP64 DP64 DP64 DP64 DP64 DP64 DP64 DP64 DP64 DP64 DP64 DP64 DP64 DP64 DP64 DP64 DP64 DP64 DP64 DP64 DP64 DP64 DP64 DP64 DP64 DP64 DP64 DP64 DP64 DP64 DP64 DP64 DP64 DP64 DP64 DP64 DP64 DP64 DP1,2.114435262978077,484,179,checked-actual:179 local:305,True,179,0.0007069599996611942,783.1021457280003,72.83059813,4.739331127999321,860.6831988009999,1.7059173583984375,445,be196897b6497837e023df37fec1ef22a4fb524f
googlenet,512,1024,False,0.09463330955030494,feasible,0.30180850153882605,feasible,0.09817835258164635,feasible,0.4287082663732205,feasible,0.09614462191909746,resource-limited,nan,not applicable,64,,1.9799302999156425,infeasible,267,2982,159,2967,102.83532094099883,complete enumeration,DP64 DP64 DP64 DP64 DP64 DP64 DP64 DP64 DP64 DP64 DP64 DP64 DP64 DP64 DP64 DP64 DP64 DP64 DP64 DP64 DP64 DP64 DP64 DP64 DP64 DP64 DP64 DP64 DP64 DP64 DP64 DP64 DP64 DP64 DP64 DP64 DP64 DP64 DP64 DP64 DP64 DP64 DP64 DP64 DP64 DP64 DP64 DP64 DP64 DP64 DP64 DP64 DP64 DP64 DP64 DP64 DP64 DP1,2.114435262978077,484,179,checked-actual:179 local:305,True,179,0.0006780070002605498,1702.3965492810003,103.34382366499995,5.684913344999586,1811.4394470280004,3.5189247131347656,445,be196897b6497837e023df37fec1ef22a4fb524f
resnet50,64,1024,False,0.2357282227716975,feasible,0.2357282227716975,feasible,0.2357282227716975,feasible,0.2928382503402009,feasible,0.2357282227716975,resource-limited,nan,not applicable,64,,5.787894974258583,infeasible,494,2890,156,2885,42.96423007299745,complete enumeration,DP64 DP64 DP64 DP64 DP64 DP64 DP64 DP64 DP64 DP64 DP64 DP64 DP64 DP64 DP64 DP64 DP64 DP64 DP64 DP64 DP64 DP64 DP64 DP64 DP64 DP64 DP64 DP64 DP64 DP64 DP64 DP64 DP64 DP64 DP64 DP64 DP64 DP64 DP64 DP64 DP64 DP64 DP64 DP64 DP64 DP64 DP64 DP64 DP64 DP64 DP64 DP64 DP64 DP64,6.54342544823885,304,160,checked-actual:160 local:144,True,160,0.0007379130001936574,12.252255473000332,43.1376992960013,4.1624313370011805,59.562498547998985,0.28499603271484375,445,be196897b6497837e023df37fec1ef22a4fb524f
resnet50,128,1024,False,0.2460640317972148,feasible,0.2460640317972148,feasible,0.2460640317972148,feasible,0.4497355797171795,feasible,0.2460640317972148,resource-limited,nan,not applicable,128,,5.787894974258583,infeasible,496,2941,156,2936,44.52743240699965,complete enumeration,DP128 DP128 DP128 DP128 DP128 DP128 DP128 DP128 DP128 DP128 DP128 DP128 DP128 DP128 DP128 DP128 DP128 DP128 DP128 DP128 DP128 DP128 DP128 DP128 DP128 DP128 DP128 DP128 DP128 DP128 DP128 DP128 DP128 DP128 DP128 DP128 DP128 DP128 DP128 DP128 DP128 DP128 DP128 DP128 DP128 DP128 DP128 DP128 DP128 DP128 DP128 DP128 DP128 DP128,3.763351686298847,304,160,checked-actual:160 local:144,True,160,0.0007837489993107738,35.79816766799922,44.7341838730008,9.926019073000134,90.47039536500051,0.5125999450683594,445,be196897b6497837e023df37fec1ef22a4fb524f
resnet50,256,1024,False,0.2523970871389107,feasible,0.3214212389543453,feasible,0.2523970871389107,feasible,1.5029564508442728,feasible,0.2523970871389107,resource-limited,nan,not applicable,64,,5.787894974258583,infeasible,526,2949,159,2942,55.51792842799841,complete enumeration,DP64 DP64 DP64 DP64 DP64 DP64 DP64 DP64 DP64 DP64 DP64 DP64 DP64 DP64 DP64 DP64 DP64 DP64 DP64 DP64 DP64 DP64 DP64 DP64 DP64 DP64 DP64 DP64 DP64 DP64 DP64 DP64 DP64 DP64 DP64 DP64 DP64 DP64 DP64 DP64 DP64 DP64 DP64 DP64 DP64 DP64 DP64 DP64 DP64 DP64 DP64 DP64 DP64 DP64,9.20309341698885,304,160,checked-actual:160 local:144,True,160,0.0007525700002588565,152.2677931750004,55.77252366200082,4.273278315000425,212.32715293399997,1.265960693359375,445,be196897b6497837e023df37fec1ef22a4fb524f
resnet50,512,1024,False,0.2523970871389107,feasible,0.6432692020384847,feasible,0.2523970871389107,feasible,7.233918041026612,feasible,0.2523970871389107,resource-limited,nan,not applicable,64,,5.787894974258583,infeasible,505,2979,159,2973,78.57810223900015,complete enumeration,DP64 DP64 DP64 DP64 DP64 DP64 DP64 DP64 DP64 DP64 DP64 DP64 DP64 DP64 DP64 DP64 DP64 DP64 DP64 DP64 DP64 DP64 DP64 DP64 DP64 DP64 DP64 DP64 DP64 DP64 DP64 DP64 DP64 DP64 DP64 DP64 DP64 DP64 DP64 DP64 DP64 DP64 DP64 DP64 DP64 DP64 DP64 DP64 DP64 DP64 DP64 DP64 DP64 DP64,9.20309341698885,304,160,checked-actual:160 local:144,True,160,0.0009011189995362656,784.8039278310007,78.94154760799938,5.056569782999759,868.8142640890001,3.2742958068847656,445,be196897b6497837e023df37fec1ef22a4fb524f
