setting,workload,N,lhas,lhas_status,dp_N,dp_N_status,owt,owt_status,lhas_configs
alpha_0.25,alexnet,64,0.06043745271894235,feasible,0.23576554915602332,feasible,0.09798874687784948,feasible,DP64 DP64 DP64 DP64 DP64 MP8 MP8 DP1
alpha_0.25,vgg16,64,0.4366553325369998,feasible,0.8590956415209662,feasible,0.5030568922780749,feasible,DP64 DP64 DP64 DP64 DP64 DP64 DP64 DP64 DP64 DP64 DP64 DP64 DP64 MP8 MP8 DP1
alpha_0.25,googlenet,64,0.07825105047328747,feasible,0.08176398481109816,feasible,0.08454810828122684,feasible,DP64 DP64 DP64 DP64 DP64 DP64 DP64 DP64 DP64 DP64 DP64 DP64 DP64 DP64 DP64 DP64 DP64 DP64 DP64 DP64 DP64 DP64 DP64 DP64 DP64 DP64 DP64 DP64 DP64 DP64 DP64 DP64 DP64 DP64 DP64 DP64 DP64 DP64 DP64 DP64 DP64 DP64 DP64 DP64 DP64 DP64 DP64 DP64 DP64 DP64 DP64 DP64 DP64 DP64 DP64 DP64 DP64 DP1
alpha_0.25,resnet50,64,0.22033390748395554,feasible,0.22033390748395554,feasible,0.27744097536213636,feasible,DP64 DP64 DP64 DP64 DP64 DP64 DP64 DP64 DP64 DP64 DP64 DP64 DP64 DP64 DP64 DP64 DP64 DP64 DP64 DP64 DP64 DP64 DP64 DP64 DP64 DP64 DP64 DP64 DP64 DP64 DP64 DP64 DP64 DP64 DP64 DP64 DP64 DP64 DP64 DP64 DP64 DP64 DP64 DP64 DP64 DP64 DP64 DP64 DP64 DP64 DP64 DP64 DP64 DP64
alpha_0.5,alexnet,64,0.05569191525700687,feasible,0.23296884092763623,feasible,0.0951861192688172,feasible,DP64 DP64 DP64 DP64 DP64 MP8 MP8 DP1
alpha_0.5,vgg16,64,0.4169999829614878,feasible,0.8431048831274178,feasible,0.48633979315162335,feasible,DP64 DP64 DP64 DP64 DP64 DP64 DP64 DP64 DP64 DP64 DP64 DP64 DP64 MP8 MP8 DP1
alpha_0.5,googlenet,64,0.07329057497135198,feasible,0.07679822414787235,feasible,0.07958086777283974,feasible,DP64 DP64 DP64 DP64 DP64 DP64 DP64 DP64 DP64 DP64 DP64 DP64 DP64 DP64 DP64 DP64 DP64 DP64 DP64 DP64 DP64 DP64 DP64 DP64 DP64 DP64 DP64 DP64 DP64 DP64 DP64 DP64 DP64 DP64 DP64 DP64 DP64 DP64 DP64 DP64 DP64 DP64 DP64 DP64 DP64 DP64 DP64 DP64 DP64 DP64 DP64 DP64 DP64 DP64 DP64 DP64 DP64 DP1
alpha_0.5,resnet50,64,0.2049395921962136,feasible,0.2049395921962136,feasible,0.2620437003840719,feasible,DP64 DP64 DP64 DP64 DP64 DP64 DP64 DP64 DP64 DP64 DP64 DP64 DP64 DP64 DP64 DP64 DP64 DP64 DP64 DP64 DP64 DP64 DP64 DP64 DP64 DP64 DP64 DP64 DP64 DP64 DP64 DP64 DP64 DP64 DP64 DP64 DP64 DP64 DP64 DP64 DP64 DP64 DP64 DP64 DP64 DP64 DP64 DP64 DP64 DP64 DP64 DP64 DP64 DP64
alpha_0.75,alexnet,64,0.050788493841628764,feasible,0.2301721326992491,feasible,0.09238349165978495,feasible,DP64 DP64 DP64 DP64 DP64 MP8 MP8 DP8
alpha_0.75,vgg16,64,0.3957900434531641,feasible,0.8263504670460851,feasible,0.46936814146257705,feasible,DP64 DP64 DP64 DP64 DP64 DP64 DP64 DP64 DP64 DP64 DP64 DP64 DP64 MP8 MP8 DP8
alpha_0.75,googlenet,64,0.06833009946941648,feasible,0.07183246348464653,feasible,0.07461362726445263,feasible,DP64 DP64 DP64 DP64 DP64 DP64 DP64 DP64 DP64 DP64 DP64 DP64 DP64 DP64 DP64 DP64 DP64 DP64 DP64 DP64 DP64 DP64 DP64 DP64 DP64 DP64 DP64 DP64 DP64 DP64 DP64 DP64 DP64 DP64 DP64 DP64 DP64 DP64 DP64 DP64 DP64 DP64 DP64 DP64 DP64 DP64 DP64 DP64 DP64 DP64 DP64 DP64 DP64 DP64 DP64 DP64 DP64 DP1
alpha_0.75,resnet50,64,0.18735802062423404,feasible,0.18954527690847164,feasible,0.24664642540600734,feasible,DP64 DP64 DP64 DP64 DP64 DP64 DP64 DP64 DP64 DP64 DP64 DP64 DP64 DP64 DP64 DP64 DP64 DP64 DP64 DP64 DP64 DP64 DP64 DP64 DP64 DP64 DP64 DP64 DP64 DP64 DP64 DP64 DP64 DP64 DP64 DP64 DP64 DP64 DP64 DP64 DP64 DP64 DP64 DP64 DP64 DP32 DP64 DP32 DP32 DP32 DP32 DP32 DP32 DP32
alpha_1.0,alexnet,64,0.04521799659195487,feasible,0.22736458224135384,feasible,0.0895700218212445,feasible,DP64 DP64 DP64 DP64 DP64 MP4 MP8 DP4
alpha_1.0,vgg16,64,0.3717826147203242,feasible,0.809027819618685,feasible,0.45203957465453176,feasible,DP64 DP64 DP64 DP64 DP64 DP64 DP64 DP64 DP64 DP64 DP64 DP64 DP64 MP4 MP8 DP4
alpha_1.0,googlenet,64,0.06335049041556846,feasible,0.06684756926950818,feasible,0.06962725320415297,feasible,DP64 DP64 DP64 DP64 DP64 DP64 DP64 DP64 DP64 DP64 DP64 DP64 DP64 DP64 DP64 DP64 DP64 DP64 DP64 DP64 DP64 DP64 DP64 DP64 DP64 DP64 DP64 DP64 DP64 DP64 DP64 DP64 DP64 DP64 DP64 DP64 DP64 DP64 DP64 DP64 DP64 DP64 DP64 DP64 DP64 DP64 DP64 DP64 DP64 DP64 DP64 DP64 DP64 DP64 DP64 DP64 DP64 DP1
alpha_1.0,resnet50,64,0.16936865823974614,feasible,0.174085773249145,feasible,0.23118396205635813,feasible,DP64 DP64 DP64 DP64 DP64 DP64 DP64 DP64 DP64 DP64 DP64 DP64 DP64 DP64 DP64 DP64 DP64 DP64 DP64 DP64 DP64 DP64 DP64 DP64 DP64 DP64 DP64 DP64 DP64 DP64 DP64 DP64 DP64 DP64 DP64 DP64 DP64 DP64 DP64 DP64 DP64 DP64 DP64 DP64 DP64 DP32 DP64 DP32 DP32 DP32 DP32 DP32 DP32 DP32
eps_0.5,alexnet,64,0.10036754826087783,feasible,0.4287708513044099,feasible,0.1734251690468818,feasible,DP64 DP64 DP64 DP64 DP64 MP8 MP8 DP1
eps_0.5,vgg16,64,0.5569724186484682,feasible,1.3887098290345155,feasible,0.6911301514045267,feasible,DP64 DP64 DP64 DP64 DP64 DP64 DP64 DP64 DP64 DP64 DP64 DP64 DP64 MP8 MP8 DP1
eps_0.5,googlenet,64,0.12286943800844699,feasible,0.13105362695978842,feasible,0.13451579866065216,feasible,DP64 DP64 DP64 DP64 DP64 DP64 DP64 DP64 DP64 DP64 DP64 DP64 DP64 DP64 DP64 DP64 DP64 DP64 DP64 DP64 DP64 DP64 DP64 DP64 DP64 DP64 DP64 DP64 DP64 DP64 DP64 DP64 DP64 DP64 DP64 DP64 DP64 DP64 DP64 DP64 DP64 DP64 DP64 DP64 DP64 DP64 DP64 DP64 DP64 DP64 DP64 DP64 DP64 DP64 DP64 DP64 DP64 DP1
eps_0.5,resnet50,64,0.36005460170240783,feasible,0.36005460170240783,feasible,0.47042252111091126,feasible,DP64 DP64 DP64 DP64 DP64 DP64 DP64 DP64 DP64 DP64 DP64 DP64 DP64 DP64 DP64 DP64 DP64 DP64 DP64 DP64 DP64 DP64 DP64 DP64 DP64 DP64 DP64 DP64 DP64 DP64 DP64 DP64 DP64 DP64 DP64 DP64 DP64 DP64 DP64 DP64 DP64 DP64 DP64 DP64 DP64 DP64 DP64 DP64 DP64 DP64 DP64 DP64 DP64 DP64
lamW_128,alexnet,64,0.06242840981411599,feasible,0.23856225738441045,feasible,0.09755968996688173,feasible,DP64 DP64 DP64 DP64 DP64 MP16 MP16 DP1
lamW_128,vgg16,64,0.449022909704657,feasible,0.8750863999145145,feasible,0.5138546343645265,feasible,DP64 DP64 DP64 DP64 DP64 DP64 DP64 DP64 DP64 DP64 DP64 DP64 DP64 MP16 MP16 DP1
lamW_128,googlenet,64,0.08321152597522294,feasible,0.08672974547432395,feasible,0.08832867794961392,feasible,DP64 DP64 DP64 DP64 DP64 DP64 DP64 DP64 DP64 DP64 DP64 DP64 DP64 DP64 DP64 DP64 DP64 DP64 DP64 DP64 DP64 DP64 DP64 DP64 DP64 DP64 DP64 DP64 DP64 DP64 DP64 DP64 DP64 DP64 DP64 DP64 DP64 DP64 DP64 DP64 DP64 DP64 DP64 DP64 DP64 DP64 DP64 DP64 DP64 DP64 DP64 DP64 DP64 DP64 DP64 DP64 DP64 DP1
lamW_128,resnet50,64,0.2357282227716975,feasible,0.2357282227716975,feasible,0.2694148221802009,feasible,DP64 DP64 DP64 DP64 DP64 DP64 DP64 DP64 DP64 DP64 DP64 DP64 DP64 DP64 DP64 DP64 DP64 DP64 DP64 DP64 DP64 DP64 DP64 DP64 DP64 DP64 DP64 DP64 DP64 DP64 DP64 DP64 DP64 DP64 DP64 DP64 DP64 DP64 DP64 DP64 DP64 DP64 DP64 DP64 DP64 DP64 DP64 DP64 DP64 DP64 DP64 DP64 DP64 DP64
lamW_256,alexnet,64,0.061525809174115986,feasible,0.23856225738441045,feasible,0.09537194608688174,feasible,DP64 DP64 DP64 DP64 DP64 MP16 MP16 DP1
lamW_256,vgg16,64,0.44709526602465705,feasible,0.8750863999145145,feasible,0.511256915990319,feasible,DP64 DP64 DP64 DP64 DP64 DP64 DP64 DP64 DP64 DP64 DP64 DP64 DP64 MP16 MP16 DP1
lamW_256,googlenet,64,0.08321152597522294,feasible,0.08672974547432395,feasible,0.08746962454742815,feasible,DP64 DP64 DP64 DP64 DP64 DP64 DP64 DP64 DP64 DP64 DP64 DP64 DP64 DP64 DP64 DP64 DP64 DP64 DP64 DP64 DP64 DP64 DP64 DP64 DP64 DP64 DP64 DP64 DP64 DP64 DP64 DP64 DP64 DP64 DP64 DP64 DP64 DP64 DP64 DP64 DP64 DP64 DP64 DP64 DP64 DP64 DP64 DP64 DP64 DP64 DP64 DP64 DP64 DP64 DP64 DP64 DP64 DP1
lamW_256,resnet50,64,0.2357282227716975,feasible,0.2357282227716975,feasible,0.2570627069402009,feasible,DP64 DP64 DP64 DP64 DP64 DP64 DP64 DP64 DP64 DP64 DP64 DP64 DP64 DP64 DP64 DP64 DP64 DP64 DP64 DP64 DP64 DP64 DP64 DP64 DP64 DP64 DP64 DP64 DP64 DP64 DP64 DP64 DP64 DP64 DP64 DP64 DP64 DP64 DP64 DP64 DP64 DP64 DP64 DP64 DP64 DP64 DP64 DP64 DP64 DP64 DP64 DP64 DP64 DP64
lamW_32,alexnet,64,0.06750738658087785,feasible,0.26866028140801695,feasible,0.11903538238196366,feasible,DP64 DP64 DP64 DP64 DP64 MP8 MP8 DP1
lamW_32,vgg16,64,0.46498622677218404,feasible,0.8916155049094873,feasible,0.5578061743490075,feasible,DP64 DP64 DP64 DP64 DP64 DP64 DP64 DP64 DP64 DP64 DP64 DP64 DP64 MP8 MP8 DP1
lamW_32,googlenet,64,0.08618589859598798,feasible,0.08951927201508897,feasible,0.09462846701037891,feasible,DP64 DP64 DP64 DP64 DP64 DP64 DP64 DP64 DP64 DP64 DP64 DP64 DP64 DP64 DP64 DP64 DP64 DP64 DP64 DP64 DP64 DP64 DP64 DP64 DP64 DP64 DP64 DP64 DP64 DP64 DP64 DP64 DP64 DP64 DP64 DP64 DP64 DP64 DP64 DP64 DP64 DP64 DP64 DP64 DP64 DP64 DP64 DP64 DP64 DP64 DP64 DP64 DP64 DP64 DP64 DP64 DP64 DP1
lamW_32,resnet50,64,0.24174182819683407,feasible,0.24174182819683407,feasible,0.34598383837298774,feasible,DP64 DP64 DP64 DP64 DP64 DP64 DP64 DP64 DP64 DP64 DP64 DP64 DP64 DP64 DP64 DP64 DP64 DP64 DP64 DP64 DP64 DP64 DP64 DP64 DP64 DP64 DP64 DP64 DP64 DP64 DP64 DP64 DP64 DP64 DP64 DP64 DP64 DP64 DP64 DP64 DP64 DP64 DP64 DP64 DP64 DP64 DP64 DP64 DP64 DP64 DP64 DP64 DP64 DP64
no_momentum,alexnet,64,0.06518299018087784,feasible,0.23856225738441045,feasible,0.10079137448688172,feasible,DP64 DP64 DP64 DP64 DP64 MP8 MP8 DP1
no_momentum,vgg16,64,0.4559246197640966,feasible,0.8742603204487222,feasible,0.5197739914045265,feasible,DP64 DP64 DP64 DP64 DP64 DP64 DP64 DP64 DP64 DP64 DP64 DP64 DP64 MP8 MP8 DP1
no_momentum,googlenet,64,0.08321152597522294,feasible,0.08672974547432395,feasible,0.08951534878961392,feasible,DP64 DP64 DP64 DP64 DP64 DP64 DP64 DP64 DP64 DP64 DP64 DP64 DP64 DP64 DP64 DP64 DP64 DP64 DP64 DP64 DP64 DP64 DP64 DP64 DP64 DP64 DP64 DP64 DP64 DP64 DP64 DP64 DP64 DP64 DP64 DP64 DP64 DP64 DP64 DP64 DP64 DP64 DP64 DP64 DP64 DP64 DP64 DP64 DP64 DP64 DP64 DP64 DP64 DP64 DP64 DP64 DP64 DP1
no_momentum,resnet50,64,0.2357282227716975,feasible,0.2357282227716975,feasible,0.2928382503402009,feasible,DP64 DP64 DP64 DP64 DP64 DP64 DP64 DP64 DP64 DP64 DP64 DP64 DP64 DP64 DP64 DP64 DP64 DP64 DP64 DP64 DP64 DP64 DP64 DP64 DP64 DP64 DP64 DP64 DP64 DP64 DP64 DP64 DP64 DP64 DP64 DP64 DP64 DP64 DP64 DP64 DP64 DP64 DP64 DP64 DP64 DP64 DP64 DP64 DP64 DP64 DP64 DP64 DP64 DP64
nominal,alexnet,64,0.06518299018087784,feasible,0.23856225738441045,feasible,0.10079137448688172,feasible,DP64 DP64 DP64 DP64 DP64 MP8 MP8 DP1
nominal,vgg16,64,0.4559246197640966,feasible,0.8750863999145145,feasible,0.5197739914045265,feasible,DP64 DP64 DP64 DP64 DP64 DP64 DP64 DP64 DP64 DP64 DP64 DP64 DP64 MP8 MP8 DP1
nominal,googlenet,64,0.08321152597522294,feasible,0.08672974547432395,feasible,0.08951534878961392,feasible,DP64 DP64 DP64 DP64 DP64 DP64 DP64 DP64 DP64 DP64 DP64 DP64 DP64 DP64 DP64 DP64 DP64 DP64 DP64 DP64 DP64 DP64 DP64 DP64 DP64 DP64 DP64 DP64 DP64 DP64 DP64 DP64 DP64 DP64 DP64 DP64 DP64 DP64 DP64 DP64 DP64 DP64 DP64 DP64 DP64 DP64 DP64 DP64 DP64 DP64 DP64 DP64 DP64 DP64 DP64 DP64 DP64 DP1
nominal,resnet50,64,0.2357282227716975,feasible,0.2357282227716975,feasible,0.2928382503402009,feasible,DP64 DP64 DP64 DP64 DP64 DP64 DP64 DP64 DP64 DP64 DP64 DP64 DP64 DP64 DP64 DP64 DP64 DP64 DP64 DP64 DP64 DP64 DP64 DP64 DP64 DP64 DP64 DP64 DP64 DP64 DP64 DP64 DP64 DP64 DP64 DP64 DP64 DP64 DP64 DP64 DP64 DP64 DP64 DP64 DP64 DP64 DP64 DP64 DP64 DP64 DP64 DP64 DP64 DP64
raw_retain,alexnet,64,0.06566661547120042,feasible,0.239045882674733,feasible,0.1012749997772043,feasible,DP64 DP64 DP64 DP64 DP64 MP8 MP8 DP1
raw_retain,vgg16,64,0.45652129333312885,feasible,0.8756830734835467,feasible,0.5203706649735588,feasible,DP64 DP64 DP64 DP64 DP64 DP64 DP64 DP64 DP64 DP64 DP64 DP64 DP64 MP8 MP8 DP1
raw_retain,googlenet,64,0.08402366499973907,feasible,0.08754188449884008,feasible,0.09032748781413005,feasible,DP64 DP64 DP64 DP64 DP64 DP64 DP64 DP64 DP64 DP64 DP64 DP64 DP64 DP64 DP64 DP64 DP64 DP64 DP64 DP64 DP64 DP64 DP64 DP64 DP64 DP64 DP64 DP64 DP64 DP64 DP64 DP64 DP64 DP64 DP64 DP64 DP64 DP64 DP64 DP64 DP64 DP64 DP64 DP64 DP64 DP64 DP64 DP64 DP64 DP64 DP64 DP64 DP64 DP64 DP64 DP64 DP64 DP1
raw_retain,resnet50,64,0.2365403617962136,feasible,0.2365403617962136,feasible,0.293650389364717,feasible,DP64 DP64 DP64 DP64 DP64 DP64 DP64 DP64 DP64 DP64 DP64 DP64 DP64 DP64 DP64 DP64 DP64 DP64 DP64 DP64 DP64 DP64 DP64 DP64 DP64 DP64 DP64 DP64 DP64 DP64 DP64 DP64 DP64 DP64 DP64 DP64 DP64 DP64 DP64 DP64 DP64 DP64 DP64 DP64 DP64 DP64 DP64 DP64 DP64 DP64 DP64 DP64 DP64 DP64
reach_15,alexnet,64,0.0620413257939926,feasible,0.2645014569743556,feasible,0.10519027788600739,feasible,DP64 DP64 DP64 DP64 DP64 MP8 MP8 DP1
reach_15,vgg16,64,0.452731063794479,feasible,0.8836386604850054,feasible,0.5321522717306468,feasible,DP64 DP64 DP64 DP64 DP64 DP64 DP64 DP64 DP64 DP64 DP64 DP64 DP64 MP8 MP8 DP1
reach_15,googlenet,64,0.0744271385473929,feasible,0.07707364108918734,feasible,0.07957920205868496,feasible,DP64 DP64 DP64 DP64 DP64 DP64 DP64 DP64 DP64 DP64 DP64 DP64 DP64 DP64 DP64 DP64 DP64 DP64 DP64 DP64 DP64 DP64 DP64 DP64 DP64 DP64 DP64 DP64 DP64 DP64 DP64 DP64 DP64 DP64 DP64 DP64 DP64 DP64 DP64 DP64 DP64 DP64 DP64 DP64 DP64 DP64 DP64 DP64 DP64 DP64 DP64 DP64 DP64 DP64 DP64 DP64 DP64 DP8
reach_15,resnet50,64,0.21824939514524938,feasible,0.21824939514524938,feasible,0.26845747859878016,feasible,DP64 DP64 DP64 DP64 DP64 DP64 DP64 DP64 DP64 DP64 DP64 DP64 DP64 DP64 DP64 DP64 DP64 DP64 DP64 DP64 DP64 DP64 DP64 DP64 DP64 DP64 DP64 DP64 DP64 DP64 DP64 DP64 DP64 DP64 DP64 DP64 DP64 DP64 DP64 DP64 DP64 DP64 DP64 DP64 DP64 DP64 DP64 DP64 DP64 DP64 DP64 DP64 DP64 DP64
reach_16,alexnet,64,0.06177838498087784,feasible,0.26391194316801714,feasible,0.1042716431019637,feasible,DP64 DP64 DP64 DP64 DP64 MP8 MP8 DP1
reach_16,vgg16,64,0.452106522652184,feasible,0.8829167916294861,feasible,0.5304671702290076,feasible,DP64 DP64 DP64 DP64 DP64 DP64 DP64 DP64 DP64 DP64 DP64 DP64 DP64 MP8 MP8 DP1
reach_16,googlenet,64,0.07432381393908681,feasible,0.07700123233508897,feasible,0.07947536189037897,feasible,DP64 DP64 DP64 DP64 DP64 DP64 DP64 DP64 DP64 DP64 DP64 DP64 DP64 DP64 DP64 DP64 DP64 DP64 DP64 DP64 DP64 DP64 DP64 DP64 DP64 DP64 DP64 DP64 DP64 DP64 DP64 DP64 DP64 DP64 DP64 DP64 DP64 DP64 DP64 DP64 DP64 DP64 DP64 DP64 DP64 DP64 DP64 DP64 DP64 DP64 DP64 DP64 DP64 DP64 DP64 DP64 DP64 DP8
reach_16,resnet50,64,0.2179695725168341,feasible,0.2179695725168341,feasible,0.2668172332929878,feasible,DP64 DP64 DP64 DP64 DP64 DP64 DP64 DP64 DP64 DP64 DP64 DP64 DP64 DP64 DP64 DP64 DP64 DP64 DP64 DP64 DP64 DP64 DP64 DP64 DP64 DP64 DP64 DP64 DP64 DP64 DP64 DP64 DP64 DP64 DP64 DP64 DP64 DP64 DP64 DP64 DP64 DP64 DP64 DP64 DP64 DP64 DP64 DP64 DP64 DP64 DP64 DP64 DP64 DP64
reach_unrestricted_nopeer,alexnet,64,0.05777483799727129,feasible,0.2285521851439732,feasible,0.08400099590327517,feasible,DP64 DP64 DP64 DP64 DP64 MP8 MP8 DP1
reach_unrestricted_nopeer,vgg16,64,0.43601244414005286,feasible,nan,not_established,0.4944004260757835,feasible,DP64 DP64 DP64 DP64 DP64 DP64 DP64 DP64 DP64 DP64 DP64 DP64 DP64 MP8 MP8 DP1
reach_unrestricted_nopeer,googlenet,64,0.05953227627992242,feasible,0.06135953467126385,feasible,0.0634892300521276,feasible,DP64 DP64 DP64 DP64 DP64 DP64 DP64 DP64 DP64 DP64 DP64 DP64 DP64 DP64 DP64 DP64 DP64 DP64 DP64 DP64 DP64 DP64 DP64 DP64 DP64 DP64 DP64 DP64 DP64 DP64 DP64 DP64 DP64 DP64 DP64 DP64 DP64 DP64 DP64 DP64 DP64 DP64 DP64 DP64 DP64 DP64 DP64 DP64 DP64 DP64 DP64 DP64 DP64 DP64 DP64 DP64 DP64 DP1
reach_unrestricted_nopeer,resnet50,64,0.18242217496492155,feasible,0.18242217496492155,feasible,0.22591483221342495,feasible,DP64 DP64 DP64 DP64 DP64 DP64 DP64 DP64 DP64 DP64 DP64 DP64 DP64 DP64 DP64 DP64 DP64 DP64 DP64 DP64 DP64 DP64 DP64 DP64 DP64 DP64 DP64 DP64 DP64 DP64 DP64 DP64 DP64 DP64 DP64 DP64 DP64 DP64 DP64 DP64 DP64 DP64 DP64 DP64 DP64 DP64 DP64 DP64 DP64 DP64 DP64 DP64 DP64 DP64
redeff_0.25,alexnet,64,0.06700963411530407,feasible,0.272078729777853,feasible,0.11329859582021506,feasible,DP64 DP64 DP64 DP64 DP64 MP8 MP8 DP1
redeff_0.25,vgg16,64,0.46589008104934243,feasible,0.9155078151424926,feasible,0.547062859416767,feasible,DP64 DP64 DP64 DP64 DP64 DP64 DP64 DP64 DP64 DP64 DP64 DP64 DP64 MP8 MP8 DP1
redeff_0.25,googlenet,64,0.08516195302658905,feasible,0.08888181186995237,feasible,0.09166059323988714,feasible,DP64 DP64 DP64 DP64 DP64 DP64 DP64 DP64 DP64 DP64 DP64 DP64 DP64 DP64 DP64 DP64 DP64 DP64 DP64 DP64 DP64 DP64 DP64 DP64 DP64 DP64 DP64 DP64 DP64 DP64 DP64 DP64 DP64 DP64 DP64 DP64 DP64 DP64 DP64 DP64 DP64 DP64 DP64 DP64 DP64 DP64 DP64 DP64 DP64 DP64 DP64 DP64 DP64 DP64 DP64 DP64 DP64 DP1
redeff_0.25,resnet50,64,0.25135503149038596,feasible,0.25135503149038596,feasible,0.3119594175926598,feasible,DP64 DP64 DP64 DP64 DP64 DP64 DP64 DP64 DP64 DP64 DP64 DP64 DP64 DP64 DP64 DP64 DP64 DP64 DP64 DP64 DP64 DP64 DP64 DP64 DP64 DP64 DP64 DP64 DP64 DP64 DP64 DP64 DP64 DP64 DP64 DP64 DP64 DP64 DP64 DP64 DP64 DP64 DP64 DP64 DP64 DP64 DP64 DP64 DP64 DP64 DP64 DP64 DP64 DP64
redeff_1.0,alexnet,64,0.06426966821366473,feasible,0.2218040211876891,feasible,0.09453776382021506,feasible,DP64 DP64 DP64 DP64 DP64 MP8 MP8 DP1
redeff_1.0,vgg16,64,0.44975126261262116,feasible,0.8542965987779024,feasible,0.5059365262241986,feasible,DP64 DP64 DP64 DP64 DP64 DP64 DP64 DP64 DP64 DP64 DP64 DP64 DP64 MP8 MP8 DP1
redeff_1.0,googlenet,64,0.08223316551008633,feasible,0.08558378966317642,feasible,0.08827413270393086,feasible,DP64 DP64 DP64 DP64 DP64 DP64 DP64 DP64 DP64 DP64 DP64 DP64 DP64 DP64 DP64 DP64 DP64 DP64 DP64 DP64 DP64 DP64 DP64 DP64 DP64 DP64 DP64 DP64 DP64 DP64 DP64 DP64 DP64 DP64 DP64 DP64 DP64 DP64 DP64 DP64 DP64 DP64 DP64 DP64 DP64 DP64 DP64 DP64 DP64 DP64 DP64 DP64 DP64 DP64 DP64 DP64 DP64 DP1
redeff_1.0,resnet50,64,0.22640915559442973,feasible,0.22640915559442973,feasible,0.2820042421793266,feasible,DP64 DP64 DP64 DP64 DP64 DP64 DP64 DP64 DP64 DP64 DP64 DP64 DP64 DP64 DP64 DP64 DP64 DP64 DP64 DP64 DP64 DP64 DP64 DP64 DP64 DP64 DP64 DP64 DP64 DP64 DP64 DP64 DP64 DP64 DP64 DP64 DP64 DP64 DP64 DP64 DP64 DP64 DP64 DP64 DP64 DP64 DP64 DP64 DP64 DP64 DP64 DP64 DP64 DP64
reserve_0,alexnet,64,0.06518299018087784,feasible,0.23856225738441045,feasible,0.10079137448688172,feasible,DP64 DP64 DP64 DP64 DP64 MP8 MP8 DP1
reserve_0,vgg16,64,0.4559246197640966,feasible,0.8742603204487222,feasible,0.5189479119387341,feasible,DP64 DP64 DP64 DP64 DP64 DP64 DP64 DP64 DP64 DP64 DP64 DP64 DP64 MP8 MP8 DP1
reserve_0,googlenet,64,0.08321152597522294,feasible,0.08672974547432395,feasible,0.08951534878961392,feasible,DP64 DP64 DP64 DP64 DP64 DP64 DP64 DP64 DP64 DP64 DP64 DP64 DP64 DP64 DP64 DP64 DP64 DP64 DP64 DP64 DP64 DP64 DP64 DP64 DP64 DP64 DP64 DP64 DP64 DP64 DP64 DP64 DP64 DP64 DP64 DP64 DP64 DP64 DP64 DP64 DP64 DP64 DP64 DP64 DP64 DP64 DP64 DP64 DP64 DP64 DP64 DP64 DP64 DP64 DP64 DP64 DP64 DP1
reserve_0,resnet50,64,0.2357282227716975,feasible,0.2357282227716975,feasible,0.2928382503402009,feasible,DP64 DP64 DP64 DP64 DP64 DP64 DP64 DP64 DP64 DP64 DP64 DP64 DP64 DP64 DP64 DP64 DP64 DP64 DP64 DP64 DP64 DP64 DP64 DP64 DP64 DP64 DP64 DP64 DP64 DP64 DP64 DP64 DP64 DP64 DP64 DP64 DP64 DP64 DP64 DP64 DP64 DP64 DP64 DP64 DP64 DP64 DP64 DP64 DP64 DP64 DP64 DP64 DP64 DP64
rho_0.25,alexnet,64,0.08826521036162877,feasible,0.25282316845537817,feasible,0.11507596308043011,feasible,DP64 DP64 DP64 DP64 DP64 MP8 MP8 DP8
rho_0.25,vgg16,64,0.7929305983551699,feasible,1.193875828435805,feasible,0.8385870974483975,feasible,DP64 DP64 DP64 DP64 DP64 DP64 DP64 DP64 DP64 DP64 DP64 DP64 DP64 MP8 MP8 DP8
rho_0.25,googlenet,64,0.11373558816735406,feasible,0.11685182460722715,feasible,0.11964334730316228,feasible,DP64 DP64 DP64 DP64 DP64 DP64 DP64 DP64 DP64 DP64 DP64 DP64 DP64 DP64 DP64 DP64 DP64 DP64 DP64 DP64 DP64 DP64 DP64 DP64 DP64 DP64 DP64 DP64 DP64 DP64 DP64 DP64 DP64 DP64 DP64 DP64 DP64 DP64 DP64 DP64 DP64 DP64 DP64 DP64 DP64 DP64 DP64 DP64 DP64 DP64 DP64 DP64 DP64 DP64 DP64 DP64 DP64 DP8
rho_0.25,resnet50,64,0.31933795225814904,feasible,0.31933795225814904,feasible,0.3764598185879428,feasible,DP64 DP64 DP64 DP64 DP64 DP64 DP64 DP64 DP64 DP64 DP64 DP64 DP64 DP64 DP64 DP64 DP64 DP64 DP64 DP64 DP64 DP64 DP64 DP64 DP64 DP64 DP64 DP64 DP64 DP64 DP64 DP64 DP64 DP64 DP64 DP64 DP64 DP64 DP64 DP64 DP64 DP64 DP64 DP64 DP64 DP64 DP64 DP64 DP64 DP64 DP64 DP64 DP64 DP64
rho_0.75,alexnet,64,0.056026912458727304,feasible,0.2338086203607545,feasible,0.09602984495569893,feasible,DP64 DP64 DP64 DP64 DP64 MP8 MP8 DP1
rho_0.75,vgg16,64,0.3421272892385052,feasible,0.7688232570740844,feasible,0.4135029560565696,feasible,DP64 DP64 DP64 DP64 DP64 DP64 DP64 DP64 DP64 DP64 DP64 DP64 DP64 MP8 MP8 DP1
rho_0.75,googlenet,64,0.07272687938253478,feasible,0.07668905243002289,feasible,0.07947268261843114,feasible,DP64 DP64 DP64 DP64 DP64 DP64 DP64 DP64 DP64 DP64 DP64 DP64 DP64 DP64 DP64 DP64 DP64 DP64 DP64 DP64 DP64 DP64 DP64 DP64 DP64 DP64 DP64 DP64 DP64 DP64 DP64 DP64 DP64 DP64 DP64 DP64 DP64 DP64 DP64 DP64 DP64 DP64 DP64 DP64 DP64 DP64 DP64 DP64 DP64 DP64 DP64 DP64 DP64 DP64 DP64 DP64 DP64 DP1
rho_0.75,resnet50,64,0.20785831294288026,feasible,0.20785831294288026,feasible,0.26496439425762025,feasible,DP64 DP64 DP64 DP64 DP64 DP64 DP64 DP64 DP64 DP64 DP64 DP64 DP64 DP64 DP64 DP64 DP64 DP64 DP64 DP64 DP64 DP64 DP64 DP64 DP64 DP64 DP64 DP64 DP64 DP64 DP64 DP64 DP64 DP64 DP64 DP64 DP64 DP64 DP64 DP64 DP64 DP64 DP64 DP64 DP64 DP64 DP64 DP64 DP64 DP64 DP64 DP64 DP64 DP64
rho_1.0,alexnet,64,0.05144887359765204,feasible,0.23143180184892656,feasible,0.09364908019010754,feasible,DP64 DP64 DP64 DP64 DP64 MP8 MP8 DP1
rho_1.0,vgg16,64,0.2852286239757096,feasible,0.7156916856538693,feasible,0.360367438382591,feasible,DP64 DP64 DP64 DP64 DP64 DP64 DP64 DP64 DP64 DP64 DP64 DP64 DP64 MP8 MP8 DP1
rho_1.0,googlenet,64,0.0674845560861907,feasible,0.07166870590787235,feasible,0.07445134953283973,feasible,DP64 DP64 DP64 DP64 DP64 DP64 DP64 DP64 DP64 DP64 DP64 DP64 DP64 DP64 DP64 DP64 DP64 DP64 DP64 DP64 DP64 DP64 DP64 DP64 DP64 DP64 DP64 DP64 DP64 DP64 DP64 DP64 DP64 DP64 DP64 DP64 DP64 DP64 DP64 DP64 DP64 DP64 DP64 DP64 DP64 DP64 DP64 DP64 DP64 DP64 DP64 DP64 DP64 DP64 DP64 DP64 DP64 DP1
rho_1.0,resnet50,64,0.19392335802847166,feasible,0.19392335802847166,feasible,0.25102746621632993,feasible,DP64 DP64 DP64 DP64 DP64 DP64 DP64 DP64 DP64 DP64 DP64 DP64 DP64 DP64 DP64 DP64 DP64 DP64 DP64 DP64 DP64 DP64 DP64 DP64 DP64 DP64 DP64 DP64 DP64 DP64 DP64 DP64 DP64 DP64 DP64 DP64 DP64 DP64 DP64 DP64 DP64 DP64 DP64 DP64 DP64 DP64 DP64 DP64 DP64 DP64 DP64 DP64 DP64 DP64
tsetup_100e-6,alexnet,64,0.06725475419224396,feasible,0.24018402139577655,feasible,0.10478109065824782,feasible,DP64 DP64 DP64 DP64 DP64 MP8 MP8 DP1
tsetup_100e-6,vgg16,64,0.45937461976409655,feasible,0.8782363999145144,feasible,0.5254419435645267,feasible,DP64 DP64 DP64 DP64 DP64 DP64 DP64 DP64 DP64 DP64 DP64 DP64 DP64 MP8 MP8 DP1
tsetup_100e-6,googlenet,64,0.11257352102833768,feasible,0.1157167405274387,feasible,0.12415671432054287,feasible,DP64 DP64 DP64 DP64 DP64 DP64 DP64 DP64 DP64 DP64 DP64 DP64 DP64 DP64 DP64 DP64 DP64 DP64 DP64 DP64 DP64 DP64 DP64 DP64 DP64 DP64 DP64 DP64 DP64 DP64 DP64 DP64 DP64 DP64 DP64 DP64 DP64 DP64 DP64 DP64 DP64 DP64 DP64 DP64 DP64 DP64 DP64 DP64 DP64 DP64 DP64 DP64 DP64 DP64 DP64 DP64 DP64 DP1
tsetup_100e-6,resnet50,64,0.26296788811115107,feasible,0.26296788811115107,feasible,0.3224779156796545,feasible,DP64 DP64 DP64 DP64 DP64 DP64 DP64 DP64 DP64 DP64 DP64 DP64 DP64 DP64 DP64 DP64 DP64 DP64 DP64 DP64 DP64 DP64 DP64 DP64 DP64 DP64 DP64 DP64 DP64 DP64 DP64 DP64 DP64 DP64 DP64 DP64 DP64 DP64 DP64 DP64 DP64 DP64 DP64 DP64 DP64 DP64 DP64 DP64 DP64 DP64 DP64 DP64 DP64 DP64
tsetup_5e-6,alexnet,64,0.06462299018087783,feasible,0.23812225738441042,feasible,0.09971137448688171,feasible,DP64 DP64 DP64 DP64 DP64 MP8 MP8 DP1
tsetup_5e-6,vgg16,64,0.4550039517632223,feasible,0.8742457319136401,feasible,0.5182533234036523,feasible,DP64 DP64 DP64 DP64 DP64 DP64 DP64 DP64 DP64 DP64 DP64 DP64 DP64 MP8 MP8 DP1
tsetup_5e-6,googlenet,64,0.07511935645915738,feasible,0.07873757595825838,feasible,0.08000317927354836,feasible,DP64 DP64 DP64 DP64 DP64 DP64 DP64 DP64 DP64 DP64 DP64 DP64 DP64 DP64 DP64 DP64 DP64 DP64 DP64 DP64 DP64 DP64 DP64 DP64 DP64 DP64 DP64 DP64 DP64 DP64 DP64 DP64 DP64 DP64 DP64 DP64 DP64 DP64 DP64 DP64 DP64 DP64 DP64 DP64 DP64 DP64 DP64 DP64 DP64 DP64 DP64 DP64 DP64 DP64 DP64 DP64 DP64 DP1
tsetup_5e-6,resnet50,64,0.22827771388251716,feasible,0.22827771388251716,feasible,0.28474774145102066,feasible,DP64 DP64 DP64 DP64 DP64 DP64 DP64 DP64 DP64 DP64 DP64 DP64 DP64 DP64 DP64 DP64 DP64 DP64 DP64 DP64 DP64 DP64 DP64 DP64 DP64 DP64 DP64 DP64 DP64 DP64 DP64 DP64 DP64 DP64 DP64 DP64 DP64 DP64 DP64 DP64 DP64 DP64 DP64 DP64 DP64 DP64 DP64 DP64 DP64 DP64 DP64 DP64 DP64 DP64
whole_item,alexnet,64,0.07055015434087784,feasible,0.49613775964801693,feasible,0.18289307022196366,feasible,DP64 DP64 DP64 DP64 DP64 MP8 MP8 DP1
whole_item,vgg16,64,0.5075668354930584,feasible,1.4109021417208532,feasible,0.7223791174698818,feasible,DP64 DP64 DP64 DP64 DP64 DP64 DP64 DP64 DP64 DP64 DP64 DP64 DP64 MP8 MP8 DP1
whole_item,googlenet,64,0.08706585157522295,feasible,0.09351325811432397,feasible,0.09638939326961393,feasible,DP64 DP64 DP64 DP64 DP64 DP64 DP64 DP64 DP64 DP64 DP64 DP64 DP64 DP64 DP64 DP64 DP64 DP64 DP64 DP64 DP64 DP64 DP64 DP64 DP64 DP64 DP64 DP64 DP64 DP64 DP64 DP64 DP64 DP64 DP64 DP64 DP64 DP64 DP64 DP64 DP64 DP64 DP64 DP64 DP64 DP64 DP64 DP64 DP64 DP64 DP64 DP64 DP64 DP64 DP64 DP64 DP64 DP1
whole_item,resnet50,64,0.29192772697264924,feasible,0.30231114936841874,feasible,0.4252827637045724,feasible,DP64 DP64 DP64 DP64 DP64 DP64 DP64 DP64 DP64 DP64 DP64 DP64 DP64 DP64 DP64 DP64 DP64 DP64 DP64 DP64 DP64 DP64 DP64 DP64 DP64 DP64 DP64 DP64 DP64 DP64 DP64 DP64 DP64 DP64 DP64 DP64 DP64 DP64 DP64 DP64 DP64 DP64 DP64 DP64 DP64 DP16 DP64 DP16 DP16 DP16 DP16 DP16 DP16 DP16
