workload,N,B,lhas,dp_N,dp_best,dp_best_p,owt,flexflow_mcmc,single_node,gpipe_proposed,single_node_memory_feasible,lhas_mode,lhas_configs,runtime_s,verified_ops
alexnet,64,1024,0.06566661547120042,0.239045882674733,0.20237572477884716,8,0.1012749997772043,0.0713514907652036,0.9436503271225808,0.12320632639904126,True,cost-only minimizer is memory-feasible (equals lower bound),DP64 DP64 DP64 DP64 DP64 MP8 MP8 DP1,25.637085027000467,12
alexnet,128,1024,0.06676252388945532,0.27596231619988015,0.20237572477884716,8,0.13315204247215934,0.0714965876234585,0.9436503271225808,0.20636717879121494,True,cost-only minimizer is memory-feasible (equals lower bound),DP128 DP128 DP128 DP128 DP128 MP8 MP8 DP1,52.987969325999984,12
alexnet,256,1024,0.07306582608497092,0.2979872025012516,0.20237572477884716,8,0.21676185741859336,0.07867307196382865,0.9436503271225808,0.2485211993979905,True,cost-only minimizer is memory-feasible (equals lower bound),DP64 DP64 DP64 DP64 DP64 MP8 MP8 DP1,223.33871433100012,12
alexnet,512,1024,0.07306582608497092,0.4999888965507351,0.20237572477884716,8,0.5716114318974936,0.08769328132710733,0.9436503271225808,0.28355043453738127,True,cost-only minimizer is memory-feasible (equals lower bound),DP64 DP64 DP64 DP64 DP64 MP8 MP8 DP1,1344.9037142649995,
alexnet,1024,1024,0.07306582608497092,0.5870101934303402,0.20237572477884716,8,1.6355902826951951,0.09334850148156532,0.9436503271225808,0.3326034117141553,True,cost-only minimizer is memory-feasible (equals lower bound),DP64 DP64 DP64 DP64 DP64 MP8 MP8 DP1,3179.834854814002,
vgg16,64,1024,0.45652129333312885,0.8740309145519621,0.8740309145519621,64,0.5187185060419741,0.4568707848635572,20.440710533780642,0.7749086468434749,False,cost-only minimizer is memory-feasible (equals lower bound),DP64 DP64 DP64 DP64 DP64 DP64 DP64 DP64 DP64 DP64 DP64 DP64 DP64 MP8 MP8 DP1,324.6642647139997,20
vgg16,128,1024,0.3234619446792173,0.7605456041354346,0.7605456041354346,128,0.4530403574765661,0.3363561089254785,20.440710533780642,0.8246065484434739,False,cost-only minimizer is memory-feasible (equals lower bound),DP128 DP128 DP128 DP128 DP128 DP128 DP128 DP128 DP128 DP128 DP128 DP128 DP128 MP8 MP8 DP1,601.1273893440011,20
vgg16,256,1024,0.2829947935731359,0.730704974792963,0.730704974792963,256,0.5807233146466984,0.30350724151751807,20.440710533780642,0.6841442517018819,False,cost-only minimizer is memory-feasible (equals lower bound),DP256 DP256 DP256 DP256 DP256 DP256 DP256 DP256 DP256 DP256 DP256 DP256 DP256 MP8 MP8 DP1,596.3528400310006,20
vgg16,512,1024,0.35299751342197777,1.1296753963035857,0.7874340028309538,128,1.4028101740687047,0.3787629026597638,20.440710533780642,0.6638203522071524,False,cost-only minimizer is memory-feasible (equals lower bound),DP256 DP256 DP256 DP256 DP256 DP256 DP256 DP256 DP256 DP256 DP128 DP128 DP64 MP8 MP8 DP1,1028.9053343489977,
googlenet,64,1024,0.08402366499973907,0.08754188449884008,0.08754188449884008,64,0.09032748781413005,0.08427766354283796,2.0319071974846725,nan,False,optimal (unconstrained minimizer is memory-feasible),DP64 DP64 DP64 DP64 DP64 DP64 DP64 DP64 DP64 DP64 DP64 DP64 DP64 DP64 DP64 DP64 DP64 DP64 DP64 DP64 DP64 DP64 DP64 DP64 DP64 DP64 DP64 DP64 DP64 DP64 DP64 DP64 DP64 DP64 DP64 DP64 DP64 DP64 DP64 DP64 DP64 DP64 DP64 DP64 DP64 DP64 DP64 DP64 DP64 DP64 DP64 DP64 DP64 DP64 DP64 DP64 DP64 DP1,179.223467496,
googlenet,128,1024,0.09529026968754449,0.1000310053646113,0.09899049160616248,64,0.11016378242240789,0.09547979367064341,2.0319071974846725,nan,False,optimal (unconstrained minimizer is memory-feasible),DP128 DP128 DP128 DP128 DP128 DP128 DP128 DP128 DP128 DP128 DP128 DP128 DP128 DP128 DP128 DP128 DP128 DP128 DP128 DP128 DP128 DP128 DP128 DP128 DP128 DP128 DP128 DP128 DP128 DP128 DP128 DP128 DP128 DP128 DP128 DP128 DP128 DP128 DP128 DP128 DP128 DP128 DP128 DP128 DP128 DP128 DP128 DP128 DP128 DP128 DP128 DP128 DP128 DP128 DP128 DP128 DP128 DP1,585.205001201999,
googlenet,256,1024,0.09544544857482107,0.14295690233214178,0.09899049160616248,64,0.1789259859110947,0.13712902112265124,2.0319071974846725,nan,False,optimal (unconstrained minimizer is memory-feasible),DP64 DP64 DP64 DP64 DP64 DP64 DP64 DP64 DP64 DP64 DP64 DP64 DP64 DP64 DP64 DP64 DP64 DP64 DP64 DP64 DP64 DP64 DP64 DP64 DP64 DP64 DP64 DP64 DP64 DP64 DP64 DP64 DP64 DP64 DP64 DP64 DP64 DP64 DP64 DP64 DP64 DP64 DP64 DP64 DP64 DP64 DP64 DP64 DP64 DP64 DP64 DP64 DP64 DP64 DP64 DP64 DP64 DP1,1732.9602812619996,
googlenet,512,1024,0.09544544857482107,0.30191001891689057,0.09899049160616248,64,0.42880978375128503,0.28697946361896715,2.0319071974846725,nan,False,optimal (unconstrained minimizer is memory-feasible),DP64 DP64 DP64 DP64 DP64 DP64 DP64 DP64 DP64 DP64 DP64 DP64 DP64 DP64 DP64 DP64 DP64 DP64 DP64 DP64 DP64 DP64 DP64 DP64 DP64 DP64 DP64 DP64 DP64 DP64 DP64 DP64 DP64 DP64 DP64 DP64 DP64 DP64 DP64 DP64 DP64 DP64 DP64 DP64 DP64 DP64 DP64 DP64 DP64 DP64 DP64 DP64 DP64 DP64 DP64 DP64 DP64 DP1,2649.956401825002,
resnet50,64,1024,0.2365403617962136,0.2365403617962136,0.2365403617962136,64,0.293650389364717,0.2365403617962136,5.839871871827615,nan,False,optimal (unconstrained minimizer is memory-feasible),DP64 DP64 DP64 DP64 DP64 DP64 DP64 DP64 DP64 DP64 DP64 DP64 DP64 DP64 DP64 DP64 DP64 DP64 DP64 DP64 DP64 DP64 DP64 DP64 DP64 DP64 DP64 DP64 DP64 DP64 DP64 DP64 DP64 DP64 DP64 DP64 DP64 DP64 DP64 DP64 DP64 DP64 DP64 DP64 DP64 DP64 DP64 DP64 DP64 DP64 DP64 DP64 DP64 DP64,41.433632268999645,
resnet50,128,1024,0.24647010130947286,0.24647010130947286,0.24647010130947286,128,0.45014164922943756,0.24647010130947286,5.839871871827615,nan,False,optimal (unconstrained minimizer is memory-feasible),DP128 DP128 DP128 DP128 DP128 DP128 DP128 DP128 DP128 DP128 DP128 DP128 DP128 DP128 DP128 DP128 DP128 DP128 DP128 DP128 DP128 DP128 DP128 DP128 DP128 DP128 DP128 DP128 DP128 DP128 DP128 DP128 DP128 DP128 DP128 DP128 DP128 DP128 DP128 DP128 DP128 DP128 DP128 DP128 DP128 DP128 DP128 DP128 DP128 DP128 DP128 DP128 DP128 DP128,118.59745748500063,
resnet50,256,1024,0.2532092261634268,0.32162427371047436,0.2532092261634268,64,1.5031594856004018,0.32162427371047436,5.839871871827615,nan,False,optimal (unconstrained minimizer is memory-feasible),DP64 DP64 DP64 DP64 DP64 DP64 DP64 DP64 DP64 DP64 DP64 DP64 DP64 DP64 DP64 DP64 DP64 DP64 DP64 DP64 DP64 DP64 DP64 DP64 DP64 DP64 DP64 DP64 DP64 DP64 DP64 DP64 DP64 DP64 DP64 DP64 DP64 DP64 DP64 DP64 DP64 DP64 DP64 DP64 DP64 DP64 DP64 DP64 DP64 DP64 DP64 DP64 DP64 DP64,444.45784017000005,
resnet50,512,1024,0.2532092261634268,0.6433707194165491,0.2532092261634268,64,7.234019558404677,0.6433707194165491,5.839871871827615,nan,False,optimal (unconstrained minimizer is memory-feasible),DP64 DP64 DP64 DP64 DP64 DP64 DP64 DP64 DP64 DP64 DP64 DP64 DP64 DP64 DP64 DP64 DP64 DP64 DP64 DP64 DP64 DP64 DP64 DP64 DP64 DP64 DP64 DP64 DP64 DP64 DP64 DP64 DP64 DP64 DP64 DP64 DP64 DP64 DP64 DP64 DP64 DP64 DP64 DP64 DP64 DP64 DP64 DP64 DP64 DP64 DP64 DP64 DP64 DP64,1465.0806217419995,
